City_ID,City,Country,Date,Lat,Lng,Max Temp,Humidity,Cloudiness,Wind Speed
0,Ushuaia,AR,2020-05-06 03:15:00,-54.8,-68.3,39.2,55,98,6.93
1,Loukhi,RU,2020-05-06 03:15:00,66.08,33.04,34.32,90,0,6.71
2,Los Llanos De Aridane,ES,2020-05-06 03:13:29,28.66,-17.92,66.2,63,20,6.93
3,Yellowknife,CA,2020-05-06 03:15:01,62.46,-114.35,41.0,44,20,14.99
4,Pangnirtung,CA,2020-05-06 03:15:01,66.15,-65.71,9.25,87,0,2.73
5,Tabuk,PH,2020-05-06 03:15:01,17.42,121.44,90.03,57,12,4.72
6,Rikitea,PF,2020-05-06 03:15:01,-23.12,-134.97,73.22,71,92,16.06
7,Sarapul,RU,2020-05-06 03:15:02,56.48,53.8,59.0,44,0,1.99
8,Avarua,CK,2020-05-06 03:14:24,-21.21,-159.78,80.6,78,54,3.36
9,Bluff,NZ,2020-05-06 03:15:02,-46.6,168.33,53.98,76,100,25.32
10,Saskylakh,RU,2020-05-06 03:15:02,71.92,114.08,6.17,93,97,11.36
11,Shirokiy,RU,2020-05-06 03:15:02,49.76,129.52,61.5,30,0,5.21
12,Punta Arenas,CL,2020-05-06 03:10:13,-53.15,-70.92,37.0,65,100,4.7
13,Coquimbo,CL,2020-05-06 03:15:03,-29.95,-71.34,53.6,93,10,3.36
14,Dikson,RU,2020-05-06 03:15:03,73.51,80.55,10.13,92,88,12.8
15,Elk Point,US,2020-05-06 03:15:03,42.68,-96.68,46.99,99,3,4.74
16,La Sarre,CA,2020-05-06 03:12:04,48.8,-79.2,29.1,89,0,3.31
17,Port Alfred,ZA,2020-05-06 03:12:26,-33.59,26.89,62.01,86,20,5.01
18,Selma,US,2020-05-06 03:14:38,36.57,-119.61,80.6,22,1,6.93
19,Grado,ES,2020-05-06 03:15:04,43.39,-6.07,57.2,82,1,8.05
20,Port Lincoln,AU,2020-05-06 03:15:05,-34.73,135.87,69.82,30,97,21.9
21,Alofi,NU,2020-05-06 03:15:06,-19.06,-169.92,86.0,58,0,5.82
22,Atuona,PF,2020-05-06 03:15:06,-9.8,-139.03,81.07,76,13,17.11
23,Bishop Auckland,GB,2020-05-06 03:15:06,54.66,-1.68,35.01,94,0,2.21
24,Bambous Virieux,MU,2020-05-06 03:15:07,-20.34,57.76,75.0,94,75,3.36
25,Hilo,US,2020-05-06 03:15:07,19.73,-155.09,82.4,54,40,9.17
26,Novikovo,RU,2020-05-06 03:15:07,51.15,37.89,56.28,89,100,5.37
27,Beloha,MG,2020-05-06 03:15:07,-25.17,45.05,63.28,94,25,6.44
28,Kaitangata,NZ,2020-05-06 03:15:08,-46.28,169.85,55.99,63,60,11.99
29,Russell,US,2020-05-06 03:14:27,32.35,-85.2,78.8,69,90,5.82
30,Eureka,US,2020-05-06 03:13:15,40.8,-124.16,57.0,78,100,1.01
31,Arlit,NE,2020-05-06 03:15:08,18.74,7.39,80.17,14,0,11.74
32,Busselton,AU,2020-05-06 03:15:09,-33.65,115.33,55.0,94,67,26.75
33,Acarau,BR,2020-05-06 03:15:09,-2.89,-40.12,78.24,87,42,10.89
34,Vila Velha,BR,2020-05-06 03:12:03,-20.33,-40.29,73.4,83,78,13.87
35,Banjar,ID,2020-05-06 03:15:09,-8.19,114.97,86.0,84,20,10.29
36,Pisco,PE,2020-05-06 03:13:27,-13.7,-76.22,66.2,82,75,12.75
37,Beringovskiy,RU,2020-05-06 03:15:10,63.05,179.32,28.42,91,0,4.88
38,Cherdyn,RU,2020-05-06 03:15:10,60.4,56.48,57.76,85,75,9.15
39,Eyl,SO,2020-05-06 03:15:10,7.98,49.82,82.65,75,2,7.31
40,Ust-Tsilma,RU,2020-05-06 03:15:11,65.44,52.15,34.75,89,100,2.42
41,Mawlaik,MM,2020-05-06 03:15:11,23.63,94.42,98.06,34,0,0.76
42,Oktyabrskoye,RU,2020-05-06 03:15:11,43.06,44.74,51.8,100,71,4.47
43,Bengkulu,ID,2020-05-06 03:15:12,-3.8,102.27,85.77,65,30,7.87
44,New Norfolk,AU,2020-05-06 03:15:12,-42.78,147.06,60.01,70,98,1.99
45,Takoradi,GH,2020-05-06 03:15:12,4.88,-1.76,80.65,87,0,5.99
46,Albany,US,2020-05-06 03:15:13,42.6,-73.97,46.0,62,82,4.59
47,Labuhan,ID,2020-05-06 03:15:13,-6.88,112.21,85.87,71,27,7.23
48,Saint George,US,2020-05-06 03:11:31,37.1,-113.58,84.2,9,1,2.62
49,Snezhnogorsk,RU,2020-05-06 03:15:13,69.19,33.25,39.2,48,100,6.71
50,Mataura,NZ,2020-05-06 03:15:13,-46.19,168.86,55.6,66,48,6.38
51,Puerto Ayora,EC,2020-05-06 03:13:50,-0.74,-90.35,77.0,93,20,3.0
52,Chokurdakh,RU,2020-05-06 03:15:14,70.63,147.92,22.14,96,100,8.55
53,Shakiso,ET,2020-05-06 03:15:14,5.75,38.92,58.14,96,44,1.34
54,Vaini,TO,2020-05-06 03:15:14,-21.2,-175.2,78.8,83,75,8.05
55,Sisimiut,GL,2020-05-06 03:15:15,66.94,-53.67,28.63,85,0,8.23
56,Moron,AR,2020-05-06 03:15:15,-34.65,-58.62,53.01,100,0,12.55
57,Jamestown,US,2020-05-06 03:10:45,42.1,-79.24,42.8,45,1,13.87
58,Haines Junction,CA,2020-05-06 03:15:15,60.75,-137.51,46.99,52,19,5.66
59,The Pas,CA,2020-05-06 03:15:15,53.83,-101.25,39.2,48,1,2.24
60,Ilanskiy,RU,2020-05-06 03:15:16,56.24,96.06,39.42,83,100,18.45
61,Imelda,PH,2020-05-06 03:15:16,7.65,123.95,87.82,65,88,4.34
62,Egvekinot,RU,2020-05-06 03:15:16,66.32,-179.17,27.45,92,0,2.46
63,Saint-Philippe,RE,2020-05-06 03:15:16,-21.36,55.77,73.4,78,28,4.7
64,Saint-Pierre,RE,2020-05-06 03:12:31,-21.34,55.48,71.6,78,38,4.7
65,Torbay,CA,2020-05-06 03:15:17,47.67,-52.73,39.2,100,90,2.24
66,Hithadhoo,MV,2020-05-06 03:15:17,-0.6,73.08,84.69,72,91,7.38
67,Nipani,IN,2020-05-06 03:15:17,16.4,74.38,75.2,94,6,3.36
68,Gimli,CA,2020-05-06 03:15:17,50.63,-96.99,48.0,51,0,10.33
69,Saldanha,ZA,2020-05-06 03:13:16,-33.01,17.94,55.4,87,24,3.36
70,Georgetown,MY,2020-05-06 03:15:18,5.41,100.34,86.0,83,20,4.7
71,Somoto,NI,2020-05-06 03:15:18,13.48,-86.58,75.65,63,32,1.5
72,Xichang,CN,2020-05-06 03:15:18,27.9,102.26,77.74,44,2,5.68
73,Margate,GB,2020-05-06 03:15:18,51.38,1.39,48.99,88,0,14.52
74,Talnakh,RU,2020-05-06 03:15:19,69.49,88.4,24.8,73,100,11.18
75,San Joaquin,VE,2020-05-06 03:15:19,10.26,-67.79,75.47,83,25,6.08
76,Bullhead City,US,2020-05-06 03:11:54,35.15,-114.57,93.2,6,1,7.07
77,Bethel,US,2020-05-06 03:15:19,41.37,-73.41,44.6,48,1,5.06
78,Victoria,HK,2020-05-06 03:12:06,22.29,114.16,89.01,79,79,5.01
79,Luleburgaz,TR,2020-05-06 03:10:33,41.4,27.36,48.2,100,16,2.24
80,Bredasdorp,ZA,2020-05-06 03:15:20,-34.53,20.04,53.6,93,1,2.55
81,Cabo San Lucas,MX,2020-05-06 03:11:44,22.89,-109.91,80.6,39,5,3.36
82,Bafra,TR,2020-05-06 03:15:20,41.57,35.91,57.2,87,75,3.36
83,Lompoc,US,2020-05-06 03:11:58,34.64,-120.46,62.01,72,1,19.46
84,Morehead,US,2020-05-06 03:15:21,37.27,-87.18,51.8,100,1,4.32
85,Mehamn,NO,2020-05-06 03:15:21,71.04,27.85,35.74,84,28,13.11
86,Pindi Gheb,PK,2020-05-06 03:15:22,33.24,72.27,71.6,53,0,6.93
87,Hobart,AU,2020-05-06 03:13:08,-42.88,147.33,60.01,54,75,10.29
88,Paamiut,GL,2020-05-06 03:15:22,61.99,-49.67,35.17,97,100,9.98
89,Thiers,FR,2020-05-06 03:15:22,45.83,3.5,55.4,93,75,3.36
90,Moa,CU,2020-05-06 03:15:22,20.66,-74.94,77.65,82,68,9.4
91,Karakulino,RU,2020-05-06 03:15:23,56.01,53.71,56.43,64,0,7.87
92,Carnarvon,AU,2020-05-06 03:11:03,-24.87,113.63,72.14,62,25,17.49
93,Hermanus,ZA,2020-05-06 03:15:23,-34.42,19.23,59.0,90,13,1.01
94,Qaanaaq,GL,2020-05-06 03:15:23,77.48,-69.36,11.14,83,97,4.85
95,Sibolga,ID,2020-05-06 03:14:28,1.74,98.78,82.69,70,100,0.92
96,Makakilo City,US,2020-05-06 03:15:24,21.35,-158.09,84.2,51,20,8.05
97,Roald,NO,2020-05-06 03:15:24,62.58,6.13,46.0,87,100,17.22
98,Kenai,US,2020-05-06 03:15:24,60.55,-151.26,60.8,33,20,16.11
99,Bose,IT,2020-05-06 03:15:24,45.46,8.01,57.0,79,12,3.31
100,Mareeba,AU,2020-05-06 03:15:24,-17.0,145.43,75.99,78,40,13.87
101,Marsa Matruh,EG,2020-05-06 03:15:24,31.35,27.25,62.6,72,40,9.17
102,Tsiroanomandidy,MG,2020-05-06 03:15:25,-18.77,46.03,61.3,92,0,2.77
103,Ahipara,NZ,2020-05-06 03:15:25,-35.17,173.17,60.04,55,0,14.45
104,Vachi,RU,2020-05-06 03:15:25,42.07,47.22,49.66,67,100,5.73
105,College,US,2020-05-06 03:15:25,64.86,-147.8,59.0,28,75,4.14
106,Torit,SS,2020-05-06 03:15:26,4.41,32.57,72.21,79,79,3.29
107,Tautira,PF,2020-05-06 03:15:26,-17.73,-149.15,80.6,83,79,2.24
108,Iqaluit,CA,2020-05-06 03:15:26,63.75,-68.51,10.4,72,5,2.24
109,Vostok,RU,2020-05-06 03:13:24,46.49,135.88,53.82,41,66,9.46
110,Vardo,NO,2020-05-06 03:15:26,70.37,31.11,39.2,64,75,11.41
111,Beysehir,TR,2020-05-06 03:15:27,37.68,31.72,44.83,82,0,4.45
112,Kruisfontein,ZA,2020-05-06 03:15:27,-34.0,24.73,55.26,79,6,5.99
113,Buzmeyin,TM,2020-05-06 03:15:27,38.05,58.21,66.2,68,0,2.24
114,Evensk,RU,2020-05-06 03:15:27,61.95,159.23,30.24,97,100,36.19
115,Vila Franca Do Campo,PT,2020-05-06 03:15:28,37.72,-25.43,60.8,82,75,9.17
116,Ambagarh Chauki,IN,2020-05-06 03:15:28,20.78,80.72,94.21,34,19,6.24
117,Thompson,CA,2020-05-06 03:15:28,55.74,-97.86,28.4,63,5,4.7
118,Waingapu,ID,2020-05-06 03:12:39,-9.66,120.26,86.81,64,94,11.07
119,Keti Bandar,PK,2020-05-06 03:15:28,24.14,67.45,85.17,69,0,13.09
120,Sana,YE,2020-05-06 03:15:12,15.35,44.21,63.09,65,69,1.7
121,Lake Cowichan,CA,2020-05-06 03:15:29,48.83,-124.05,62.6,55,75,4.7
122,Jaunpur,IN,2020-05-06 03:15:29,25.73,82.68,75.2,73,0,5.82
123,Kloulklubed,PW,2020-05-06 03:15:29,7.04,134.26,86.0,70,75,11.41
124,Poum,NC,2020-05-06 03:15:30,-20.23,164.02,70.32,82,100,22.77
125,Yarkovo,RU,2020-05-06 03:15:30,57.4,67.08,59.11,50,8,11.27
126,Klaksvik,FO,2020-05-06 03:12:05,62.23,-6.59,44.6,87,92,19.46
127,Bardiyah,LY,2020-05-06 03:14:25,31.76,25.09,59.32,84,0,10.6
128,Tiksi,RU,2020-05-06 03:15:31,71.69,128.87,24.15,97,100,8.39
129,Ilulissat,GL,2020-05-06 03:15:31,69.22,-51.1,26.6,63,0,10.29
130,Nova Olinda Do Norte,BR,2020-05-06 03:15:31,-3.89,-59.09,75.34,97,52,0.94
131,Jalu,LY,2020-05-06 03:15:31,29.03,21.55,60.58,45,0,8.12
132,Tutoia,BR,2020-05-06 03:11:04,-2.76,-42.27,77.92,89,37,7.9
133,Srednekolymsk,RU,2020-05-06 03:15:32,67.45,153.68,31.8,93,93,6.62
134,Alindao,CF,2020-05-06 03:15:32,5.03,21.21,71.58,94,98,2.51
135,Northam,GB,2020-05-06 03:15:32,51.03,-4.22,48.99,74,66,5.99
136,Bathsheba,BB,2020-05-06 03:12:48,13.22,-59.52,80.6,78,40,23.04
137,Nanortalik,GL,2020-05-06 03:15:33,60.14,-45.24,40.42,74,100,11.45
138,Martapura,ID,2020-05-06 03:15:33,-3.42,114.85,91.56,58,1,3.96
139,Tuktoyaktuk,CA,2020-05-06 03:15:33,69.45,-133.04,30.2,86,90,3.36
140,Amahai,ID,2020-05-06 03:15:34,-3.33,128.92,85.48,75,15,5.91
141,Tasiilaq,GL,2020-05-06 03:15:34,65.61,-37.64,32.0,88,100,6.29
142,Kerema,PG,2020-05-06 03:15:34,-7.96,145.78,75.18,89,100,8.01
143,Mar Del Plata,AR,2020-05-06 03:12:16,-38.0,-57.56,54.0,58,90,13.87
144,Castro,BR,2020-05-06 03:15:35,-24.79,-50.01,58.5,76,98,4.59
145,Mangrol,IN,2020-05-06 03:15:35,21.12,70.12,84.04,71,0,9.75
146,Codrington,AU,2020-05-06 03:13:12,-38.27,141.97,63.63,46,100,17.29
147,Formosa Do Rio Preto,BR,2020-05-06 03:15:36,-11.05,-45.19,71.11,82,75,3.09
148,Carmelo,UY,2020-05-06 03:15:36,-33.99,-58.29,53.6,76,0,10.29
149,Bay Roberts,CA,2020-05-06 03:15:36,47.6,-53.26,41.0,1,100,1.99
150,Touros,BR,2020-05-06 03:15:37,-5.2,-35.46,77.0,94,40,3.36
151,Vestmannaeyjar,IS,2020-05-06 03:12:40,63.44,-20.27,44.24,85,100,10.71
152,Coahuayana,MX,2020-05-06 03:15:37,18.73,-103.68,72.88,78,0,1.21
153,Santa Rosa,PH,2020-05-06 03:12:03,14.31,121.11,95.0,56,40,5.82
154,Sitka,US,2020-05-06 03:15:38,57.05,-135.33,53.6,50,40,10.29
155,Diamantino,BR,2020-05-06 03:15:38,-14.41,-56.45,76.03,74,97,3.02
156,Kouroussa,GN,2020-05-06 03:15:39,10.65,-9.88,78.31,77,89,1.3
157,Norman Wells,CA,2020-05-06 03:15:39,65.28,-126.83,51.8,43,20,6.93
158,La Ronge,CA,2020-05-06 03:15:39,55.1,-105.28,37.4,51,5,6.93
159,Cabedelo,BR,2020-05-06 03:15:39,-6.98,-34.83,78.8,94,75,12.35
160,Erice,IT,2020-05-06 03:15:40,38.04,12.59,62.6,88,87,16.11
161,Bluefield,US,2020-05-06 03:15:40,37.27,-81.22,53.01,100,90,5.82
162,Nikolskoye,RU,2020-05-06 03:12:46,59.7,30.79,44.01,86,10,4.47
163,Ellensburg,US,2020-05-06 03:15:40,47.0,-120.55,71.6,26,20,4.7
164,Kapaa,US,2020-05-06 03:10:55,22.08,-159.32,80.6,65,1,12.75
165,Severo-Kurilsk,RU,2020-05-06 03:15:41,50.68,156.12,33.71,91,100,28.27
166,Goderich,CA,2020-05-06 03:15:26,43.75,-81.72,44.01,65,100,1.01
167,Les Escoumins,CA,2020-05-06 03:15:41,48.11,-69.02,32.11,100,99,6.62
168,Olafsvik,IS,2020-05-06 03:13:58,64.89,-23.71,41.99,89,100,8.14
169,Lavrentiya,RU,2020-05-06 03:15:41,65.58,-171.0,30.96,93,0,2.39
170,Okhotsk,RU,2020-05-06 03:15:42,59.38,143.3,41.16,62,0,13.38
171,Honiara,SB,2020-05-06 03:14:42,-9.43,159.95,89.6,62,20,6.93
172,Chuy,UY,2020-05-06 03:15:42,-33.7,-53.46,56.71,72,45,17.31
173,Banda Aceh,ID,2020-05-06 03:15:42,5.56,95.32,86.74,64,100,6.53
174,Zhigansk,RU,2020-05-06 03:15:42,66.77,123.37,32.27,98,100,11.65
175,Chabahar,IR,2020-05-06 03:15:43,25.29,60.64,85.8,53,0,9.28
176,Butaritari,KI,2020-05-06 03:15:43,3.07,172.79,83.01,81,22,12.17
177,Kamskoye Ustye,RU,2020-05-06 03:15:43,55.2,49.27,55.4,47,7,11.18
178,Port Elizabeth,ZA,2020-05-06 03:15:43,-33.92,25.57,62.6,82,26,11.41
179,Huntsville,US,2020-05-06 03:11:49,34.73,-86.59,63.0,77,20,4.7
180,Sabha,LY,2020-05-06 03:15:44,27.04,14.43,68.79,27,0,11.56
181,Don Sak,TH,2020-05-06 03:15:44,9.32,99.69,93.99,63,20,4.7
182,Ordzhonikidze,KZ,2020-05-06 03:15:44,52.44,61.74,58.82,42,0,7.96
183,Ponta Do Sol,PT,2020-05-06 03:15:45,32.67,-17.1,62.6,82,20,3.36
184,Otradnoye,RU,2020-05-06 03:15:45,59.78,30.82,44.01,86,6,4.47
185,Ribeira Grande,PT,2020-05-06 03:15:45,38.52,-28.7,62.6,85,95,14.7
186,Lazaro Cardenas,MX,2020-05-06 03:15:45,17.96,-102.2,74.64,80,0,3.74
187,Mangan,IN,2020-05-06 03:15:46,27.52,88.53,76.93,34,53,2.1
188,Walvis Bay,NA,2020-05-06 03:15:46,-22.96,14.51,76.24,23,0,7.25
189,Mosetse,BW,2020-05-06 03:15:46,-20.75,26.65,54.19,62,0,8.75
190,Vanimo,PG,2020-05-06 03:15:47,-2.67,141.3,86.65,69,23,6.51
191,Cidreira,BR,2020-05-06 03:15:47,-30.18,-50.21,64.45,79,100,18.3
192,Barrow,US,2020-05-06 03:15:47,71.29,-156.79,17.6,78,1,11.41
193,Provideniya,RU,2020-05-06 03:12:44,64.38,-173.3,32.0,77,0,6.71
194,Uvat,RU,2020-05-06 03:15:48,59.14,68.9,59.04,60,74,10.85
195,Tulun,RU,2020-05-06 03:14:16,54.56,100.58,46.04,55,100,18.7
196,Korla,CN,2020-05-06 03:15:48,41.76,86.15,68.22,27,100,8.68
197,Slave Lake,CA,2020-05-06 03:15:49,55.28,-114.77,60.8,31,1,5.82
198,Shenjiamen,CN,2020-05-06 03:15:49,29.96,122.3,66.15,89,100,8.66
199,Copiapo,CL,2020-05-06 03:15:49,-27.37,-70.33,59.0,82,0,3.36
200,Geraldton,AU,2020-05-06 03:15:49,-28.77,114.6,68.0,45,40,20.8
201,Igarka,RU,2020-05-06 03:15:49,67.47,86.58,22.73,93,100,6.96
202,Kashi,CN,2020-05-06 03:15:49,39.45,75.98,59.0,58,75,4.47
203,Sidhi,IN,2020-05-06 03:15:50,24.42,81.88,90.86,29,0,5.21
204,Waipawa,NZ,2020-05-06 03:15:50,-41.41,175.52,55.4,47,0,2.24
205,Sao Joao Da Barra,BR,2020-05-06 03:15:50,-21.64,-41.05,71.96,88,64,7.67
206,Grindavik,IS,2020-05-06 03:14:13,63.84,-22.43,42.8,81,90,5.82
207,Mogocha,RU,2020-05-06 03:15:50,53.73,119.77,63.12,27,97,9.46
208,Khorixas,NA,2020-05-06 03:15:51,-20.37,14.97,69.71,24,0,14.7
209,San Cristobal,VE,2020-05-06 03:15:51,7.77,-72.22,69.15,89,100,3.27
210,Dalton,US,2020-05-06 03:15:51,34.77,-84.97,64.4,77,1,3.36
211,Mahajanga,MG,2020-05-06 03:15:52,-15.72,46.32,71.6,94,20,5.82
212,Salalah,OM,2020-05-06 03:15:53,17.02,54.09,82.4,83,40,2.24
213,Akdepe,TM,2020-05-06 03:15:53,42.06,59.38,62.6,67,0,6.93
214,Zalesovo,RU,2020-05-06 03:15:53,53.99,84.74,47.59,62,99,9.33
215,Butembo,CD,2020-05-06 03:15:53,0.15,29.28,57.97,96,80,2.66
216,Dondo,MZ,2020-05-06 03:15:53,-19.61,34.74,75.2,69,75,4.7
217,Gallup,US,2020-05-06 03:15:54,35.53,-108.74,62.6,11,1,3.36
218,Upernavik,GL,2020-05-06 03:13:19,72.79,-56.15,20.68,91,0,8.72
219,Noumea,NC,2020-05-06 03:12:34,-22.28,166.46,73.0,73,90,13.87
220,Laguna,US,2020-05-06 03:13:21,38.42,-121.42,69.01,59,1,12.75
221,Cape Town,ZA,2020-05-06 03:13:21,-33.93,18.42,64.99,93,0,9.17
222,Namibe,AO,2020-05-06 03:15:55,-15.2,12.15,77.65,67,12,0.87
223,Bismarck,US,2020-05-06 03:11:46,46.81,-100.78,51.8,50,75,5.82
224,Dingle,PH,2020-05-06 03:15:55,11.0,122.67,93.24,51,39,5.59
225,Kijang,KR,2020-05-06 03:15:56,35.24,129.21,75.2,41,1,8.05
226,Adrar,MR,2020-05-06 03:15:56,20.5,-10.07,85.82,13,0,7.72
227,Jakar,BT,2020-05-06 03:15:56,27.55,90.75,58.03,53,38,4.41
228,Tuatapere,NZ,2020-05-06 03:15:57,-46.13,167.68,55.67,69,96,9.22
229,Umm Lajj,SA,2020-05-06 03:15:57,25.02,37.27,74.89,46,1,9.44
230,Nakamura,JP,2020-05-06 03:15:58,32.98,132.93,74.86,72,95,3.83
231,San Quintin,MX,2020-05-06 03:15:58,30.48,-115.95,67.41,73,0,11.99
232,Luderitz,NA,2020-05-06 03:15:58,-26.65,15.16,72.63,28,0,7.43
233,Fortuna,US,2020-05-06 03:12:13,40.6,-124.16,55.99,87,1,8.05
234,East London,ZA,2020-05-06 03:15:59,-33.02,27.91,64.4,57,11,11.56
235,San Pedro,PH,2020-05-06 03:15:59,14.35,121.02,95.0,56,40,5.82
236,Kimbe,PG,2020-05-06 03:15:59,-5.55,150.14,85.48,72,56,4.97
237,Opuwo,NA,2020-05-06 03:15:59,-18.06,13.84,63.34,50,1,6.02
238,Solnechnyy,RU,2020-05-06 03:13:24,50.72,136.63,56.05,37,78,1.16
239,Port Hardy,CA,2020-05-06 03:16:00,50.7,-127.42,59.0,47,75,8.05
240,Caravelas,BR,2020-05-06 03:16:00,-17.71,-39.25,71.73,79,0,4.5
241,Winnemucca,US,2020-05-06 03:16:00,40.97,-117.74,64.4,7,1,8.05
242,Tashla,RU,2020-05-06 03:16:01,51.77,52.74,55.58,54,98,13.85
243,Alice Springs,AU,2020-05-06 03:14:56,-23.7,133.88,78.8,12,0,10.29
244,Mayo,US,2020-05-06 03:16:02,38.89,-76.51,51.8,81,90,4.7
245,Kahului,US,2020-05-06 03:12:57,20.89,-156.47,84.2,42,40,20.8
246,Aqtobe,KZ,2020-05-06 03:14:35,50.28,57.21,48.2,57,0,6.71
247,Samarai,PG,2020-05-06 03:16:02,-10.62,150.67,81.55,74,100,15.32
248,Ilo,PE,2020-05-06 03:16:03,-17.64,-71.34,65.79,81,96,5.46
249,Sun City West,US,2020-05-06 03:16:03,33.66,-112.34,93.0,11,5,5.82
250,Fandriana,MG,2020-05-06 03:16:03,-20.23,47.38,58.5,92,69,1.52
251,Marrakesh,MA,2020-05-06 03:16:04,31.63,-8.01,66.2,68,58,3.36
252,Blytheville,US,2020-05-06 03:11:54,35.93,-89.92,64.4,52,1,8.05
253,Kourou,GF,2020-05-06 03:16:04,5.16,-52.65,82.4,78,75,13.87
254,Necochea,AR,2020-05-06 03:16:04,-38.55,-58.74,52.0,80,68,15.01
255,Sabang,ID,2020-05-06 03:16:05,5.89,95.32,85.05,71,100,11.41
256,Ugoofaaru,MV,2020-05-06 03:16:05,5.67,73.0,84.63,79,100,12.39
257,Harbour Breton,CA,2020-05-06 03:16:05,47.48,-55.8,34.41,97,100,10.38
258,Maceio,BR,2020-05-06 03:12:34,-9.67,-35.74,75.2,94,75,2.24
259,Portland,US,2020-05-06 03:16:06,45.52,-122.68,68.0,45,90,8.05
260,San Onofre,CO,2020-05-06 03:16:06,9.74,-75.53,79.66,86,69,4.09
261,Naryan-Mar,RU,2020-05-06 03:16:06,67.67,53.09,28.74,98,40,6.82
262,Terney,RU,2020-05-06 03:16:07,45.05,136.61,50.7,58,48,4.09
263,Kokologo,BF,2020-05-06 03:16:07,12.19,-1.89,84.2,62,20,11.41
264,Ozernovskiy,RU,2020-05-06 03:16:07,51.5,156.52,33.39,92,100,28.99
265,Wuwei,CN,2020-05-06 03:16:08,37.93,102.64,59.31,44,100,6.96
266,Sao Filipe,CV,2020-05-06 03:16:08,14.9,-24.5,74.14,75,2,6.38
267,Yeppoon,AU,2020-05-06 03:12:43,-23.13,150.73,78.8,44,18,17.22
268,Itarema,BR,2020-05-06 03:16:08,-2.92,-39.92,77.68,88,43,10.22
269,Nome,US,2020-05-06 03:16:09,64.5,-165.41,44.6,45,1,5.82
270,Wanning,CN,2020-05-06 03:16:09,18.8,110.4,87.6,68,2,14.5
271,Ulladulla,AU,2020-05-06 03:16:10,-35.35,150.47,72.0,40,89,11.41
272,Lebu,CL,2020-05-06 03:13:10,-37.62,-73.65,52.54,71,19,14.9
273,Arraial Do Cabo,BR,2020-05-06 03:16:10,-22.97,-42.03,73.94,84,99,17.43
274,Christchurch,NZ,2020-05-06 03:14:57,-43.53,172.63,62.6,42,1,5.82
275,Oktyabrskiy,RU,2020-05-06 03:16:11,54.48,53.47,56.66,60,0,6.38
276,New London,US,2020-05-06 03:16:11,41.36,-72.1,48.0,65,1,5.82
277,Oudtshoorn,ZA,2020-05-06 03:16:11,-33.59,22.2,59.0,93,40,3.36
278,Xining,CN,2020-05-06 03:16:12,36.62,101.77,68.2,31,100,4.23
279,Vanderhoof,CA,2020-05-06 03:15:26,54.02,-124.02,52.88,43,100,6.82
280,Buraydah,SA,2020-05-06 03:16:12,26.33,43.98,77.0,41,0,9.17
281,Shenkursk,RU,2020-05-06 03:16:13,62.11,42.9,47.43,96,100,6.62
282,Cherskiy,RU,2020-05-06 03:16:13,68.75,161.3,31.66,93,61,4.36
283,Bambanglipuro,ID,2020-05-06 03:16:13,-7.95,110.28,86.2,72,78,7.58
284,Piney Green,US,2020-05-06 03:16:13,34.72,-77.32,64.4,88,90,8.05
285,Ancud,CL,2020-05-06 03:16:13,-41.87,-73.82,44.01,100,90,2.24
286,Jiwani,PK,2020-05-06 03:16:13,25.05,61.74,85.44,59,0,11.5
287,Porto Santo,PT,2020-05-06 03:16:14,33.07,-16.34,62.6,82,98,1.12
288,Valdepenas,ES,2020-05-06 03:16:14,38.76,-3.38,55.0,68,10,3.15
289,Khani,GE,2020-05-06 03:16:15,41.96,42.96,57.2,100,90,2.24
290,Mishelevka,RU,2020-05-06 03:16:15,52.86,103.17,51.98,44,0,8.12
291,Flinders,AU,2020-05-06 03:16:15,-34.58,150.86,72.0,53,37,7.0
292,Huarmey,PE,2020-05-06 03:16:15,-10.07,-78.15,68.85,81,83,4.12
293,Kalawit,PH,2020-05-06 03:16:16,8.07,122.52,89.85,59,77,2.01
294,Carutapera,BR,2020-05-06 03:16:16,-1.2,-46.02,77.0,94,96,6.8
295,Narsaq,GL,2020-05-06 03:16:16,60.92,-46.05,44.6,65,100,4.7
296,Avera,US,2020-05-06 03:16:16,33.19,-82.53,75.2,78,1,4.7
297,Port-Gentil,GA,2020-05-06 03:16:16,-0.72,8.78,80.83,86,13,9.01
298,Hambantota,LK,2020-05-06 03:16:16,6.12,81.12,85.24,74,57,13.38
299,Hamilton,US,2020-05-06 03:11:26,39.18,-84.53,48.99,57,90,10.29
300,Xuddur,SO,2020-05-06 03:16:17,4.12,43.89,75.25,83,12,7.61
301,Henties Bay,NA,2020-05-06 03:16:18,-22.12,14.28,76.73,28,0,13.22
302,Berlevag,NO,2020-05-06 03:16:18,70.86,29.09,37.26,81,33,26.69
303,Deputatskiy,RU,2020-05-06 03:16:18,69.3,139.9,21.33,96,100,4.03
304,Payson,US,2020-05-06 03:16:18,40.04,-111.73,68.0,34,1,5.82
305,Hanyang,CN,2020-05-06 03:16:18,32.14,105.51,82.0,64,73,7.45
306,Fengcheng,CN,2020-05-06 03:16:19,40.45,124.07,73.51,23,3,8.95
307,Sergeyevka,KZ,2020-05-06 03:16:19,53.88,67.42,56.52,40,0,11.36
308,Souillac,MU,2020-05-06 03:16:19,-20.52,57.52,73.4,94,75,3.36
309,Pochutla,MX,2020-05-06 03:16:20,15.74,-96.47,82.99,69,100,4.18
310,Oroville,US,2020-05-06 03:16:20,39.51,-121.56,84.2,14,1,12.75
311,Baishishan,CN,2020-05-06 03:16:21,43.58,127.57,60.13,34,0,6.93
312,Gazli,UZ,2020-05-06 03:16:21,40.13,63.45,68.86,54,0,6.06
313,Saquena,PE,2020-05-06 03:16:21,-4.67,-73.52,75.6,84,94,0.94
314,Maniitsoq,GL,2020-05-06 03:16:22,65.42,-52.9,31.84,91,91,6.49
315,Leczyca,PL,2020-05-06 03:16:22,52.06,19.2,41.0,94,100,5.99
316,Sheridan,US,2020-05-06 03:16:22,44.83,-106.92,50.0,52,1,2.35
317,Khatanga,RU,2020-05-06 03:16:23,71.97,102.5,9.79,90,0,15.01
318,Tombouctou,ML,2020-05-06 03:16:23,20.0,-3.0,90.5,11,63,11.9
319,Pevek,RU,2020-05-06 03:12:40,69.7,170.31,25.45,88,92,2.93
320,Jacareacanga,BR,2020-05-06 03:16:24,-6.22,-57.75,75.65,96,100,1.43
321,Epe,NG,2020-05-06 03:16:24,6.58,3.98,79.52,91,0,4.21
322,Amasia,TR,2020-05-06 03:16:24,40.65,35.83,50.0,93,40,1.12
323,Kodinar,IN,2020-05-06 03:16:25,20.79,70.7,86.92,53,0,13.69
324,Jishou,CN,2020-05-06 03:16:26,28.32,109.72,67.12,89,99,4.54
325,Axim,GH,2020-05-06 03:16:26,4.87,-2.24,80.55,87,0,5.44
326,Kodiak,US,2020-05-06 03:16:26,57.79,-152.41,43.12,83,100,19.1
327,Abancay,PE,2020-05-06 03:12:02,-13.63,-72.88,55.81,68,100,0.65
328,Maloy,NO,2020-05-06 03:16:26,61.94,5.11,45.0,93,100,13.87
329,Trairi,BR,2020-05-06 03:16:27,-3.28,-39.27,76.71,92,26,7.76
330,Omboue,GA,2020-05-06 03:16:27,-1.57,9.26,77.59,94,52,4.9
331,Guerrero Negro,MX,2020-05-06 03:16:27,27.98,-114.06,68.7,68,0,16.13
332,Auki,SB,2020-05-06 03:16:27,-8.77,160.7,85.59,64,73,5.06
333,Lyngseidet,NO,2020-05-06 03:16:28,69.58,20.22,37.4,88,75,24.16
334,Lempaala,FI,2020-05-06 03:16:28,61.32,23.75,33.01,92,98,1.12
335,Bozoum,CF,2020-05-06 03:16:28,6.32,16.38,68.63,90,100,4.88
336,Palmer,US,2020-05-06 03:16:28,42.16,-72.33,45.0,60,1,5.82
337,Quang Ngai,VN,2020-05-06 03:16:29,15.12,108.8,92.71,43,7,8.05
338,Biltine,TD,2020-05-06 03:16:29,14.53,20.92,85.82,14,75,16.35
339,Belaya Gora,RU,2020-05-06 03:13:22,68.53,146.42,27.81,96,91,4.12
340,Puerto Cabezas,NI,2020-05-06 03:16:30,14.04,-83.39,79.63,85,98,7.85
341,Ceatalchioi,RO,2020-05-06 03:16:30,45.29,28.79,48.2,87,62,2.24
342,Faanui,PF,2020-05-06 03:16:31,-16.48,-151.75,82.54,74,4,9.64
343,Kamenka,RU,2020-05-06 03:16:31,51.32,42.77,57.0,95,94,11.9
344,Barranca,PE,2020-05-06 03:16:32,-10.75,-77.77,66.0,87,89,2.91
345,Dongsheng,CN,2020-05-06 03:16:32,39.82,109.98,68.05,24,100,26.13
346,Gamba,GA,2020-05-06 03:16:32,-2.65,10.0,76.89,94,54,2.66
347,Basco,PH,2020-05-06 03:16:32,20.45,121.97,82.71,77,51,12.48
348,Lemon Tree Passage,AU,2020-05-06 03:16:33,-32.73,152.04,71.01,77,20,11.41
349,Hami,CN,2020-05-06 03:16:33,42.8,93.45,66.79,31,100,16.04
350,Norsup,VU,2020-05-06 03:16:33,-16.07,167.38,77.61,81,100,10.29
351,Shenxian,CN,2020-05-06 03:16:33,36.24,115.67,76.87,35,0,6.64
352,Tiarei,PF,2020-05-06 03:16:34,-17.53,-149.33,80.6,83,53,2.24
353,Urengoy,RU,2020-05-06 03:16:34,65.97,78.37,33.37,99,100,5.61
354,Emerald,AU,2020-05-06 03:16:34,-23.53,148.17,79.0,36,0,10.29
355,Mokhsogollokh,RU,2020-05-06 03:16:35,61.47,128.92,49.53,49,58,4.43
356,Kutum,SD,2020-05-06 03:16:35,14.2,24.67,71.42,22,17,14.27
357,Bamberg,DE,2020-05-06 03:16:36,49.88,10.89,39.99,64,77,2.66
358,Ipora,BR,2020-05-06 03:16:36,-16.44,-51.12,67.51,84,96,1.23
359,Bucerias,MX,2020-05-06 03:16:36,20.75,-105.33,78.8,83,75,5.82
360,Marienburg,PL,2020-05-06 03:16:37,54.04,19.03,44.01,100,32,13.15
361,Shingu,JP,2020-05-06 03:16:37,33.73,135.98,73.4,78,75,5.82
362,Katsuura,JP,2020-05-06 03:16:37,35.13,140.3,66.99,93,75,10.29
363,Rocha,UY,2020-05-06 03:16:37,-34.48,-54.33,53.87,81,87,19.08
364,Scottsbluff,US,2020-05-06 03:16:38,41.87,-103.67,50.0,53,1,5.82
365,Elko,US,2020-05-06 03:14:11,41.0,-115.5,71.6,10,1,5.82
366,Leeton,AU,2020-05-06 03:16:39,-34.57,146.4,73.0,63,83,4.7
367,Goianinha,BR,2020-05-06 03:16:40,-6.26,-35.21,77.0,94,40,3.36
368,Porto Walter,BR,2020-05-06 03:16:40,-8.27,-72.74,75.94,83,56,1.72
369,Jumla,NP,2020-05-06 03:16:40,29.27,82.18,57.25,49,9,3.33
370,Keetmanshoop,NA,2020-05-06 03:16:40,-26.58,18.13,64.62,26,0,10.85
371,Bandarbeyla,SO,2020-05-06 03:16:41,9.49,50.81,82.83,72,1,4.12
372,Larreynaga,NI,2020-05-06 03:16:42,12.68,-86.57,84.07,57,100,1.03
373,Spirit River,CA,2020-05-06 03:16:42,55.78,-118.84,51.8,43,20,5.82
374,Lorengau,PG,2020-05-06 03:16:43,-2.02,147.27,83.37,81,80,11.05
375,Diego De Almagro,CL,2020-05-06 03:16:43,-26.37,-70.05,56.01,53,0,3.06
376,Samarinda,ID,2020-05-06 03:16:43,-0.5,117.15,92.71,56,50,2.64
377,Kavieng,PG,2020-05-06 03:16:43,-2.57,150.8,83.95,75,99,5.48
378,Pandan Niog,PH,2020-05-06 03:16:44,6.23,120.56,84.63,70,14,5.21
379,San Alberto,CO,2020-05-06 03:16:44,7.76,-73.39,77.76,79,100,5.06
380,Curaca,BR,2020-05-06 03:16:44,-8.99,-39.91,74.43,78,99,12.24
381,Bargi,IN,2020-05-06 03:16:44,22.98,79.87,92.64,23,13,7.52
382,Delmas,ZA,2020-05-06 03:16:45,-26.15,28.68,48.99,87,0,2.24
383,Port Hedland,AU,2020-05-06 03:16:46,-20.32,118.57,87.8,16,0,5.82
384,Chumphon,TH,2020-05-06 03:16:46,10.33,98.83,89.6,70,20,3.36
385,Clyde River,CA,2020-05-06 03:16:46,70.47,-68.59,6.8,84,1,6.93
386,Mabaruma,GY,2020-05-06 03:16:47,8.2,-59.78,78.71,81,100,5.08
387,Moose Factory,CA,2020-05-06 03:16:47,51.26,-80.61,30.2,80,90,2.24
388,Oranjestad,AW,2020-05-06 03:16:47,12.52,-70.03,80.6,83,20,18.34
389,Balkanabat,TM,2020-05-06 03:16:47,39.51,54.37,78.26,29,74,22.15
390,Saint Pete Beach,US,2020-05-06 03:14:17,27.73,-82.74,75.2,78,1,9.89
391,Parole,US,2020-05-06 03:16:48,38.98,-76.53,51.01,81,90,5.82
392,Cockburn Town,TC,2020-05-06 03:16:48,21.46,-71.14,79.84,81,7,15.48
393,Rongcheng,CN,2020-05-06 03:16:48,30.63,117.85,77.0,90,92,6.76
394,Beboto,TD,2020-05-06 03:16:49,8.27,16.94,74.43,78,77,6.64
395,Ivankiv,UA,2020-05-06 03:16:49,50.94,29.89,50.0,100,20,4.47
396,Aquiraz,BR,2020-05-06 03:16:49,-3.9,-38.39,78.8,83,20,8.05
397,Asfi,MA,2020-05-06 03:16:49,32.3,-9.24,63.45,78,98,17.07
398,Saint Albans,GB,2020-05-06 03:15:36,51.75,-0.33,39.0,93,3,6.93
399,Plettenberg Bay,ZA,2020-05-06 03:16:50,-34.05,23.37,60.35,80,8,4.85
400,Bourail,NC,2020-05-06 03:16:50,-21.57,165.48,69.6,79,100,5.5
401,Port Blair,IN,2020-05-06 03:12:27,11.67,92.75,86.85,66,82,5.95
402,Sungaipenuh,ID,2020-05-06 03:12:05,-2.08,101.38,77.59,68,65,2.89
403,Erdenet,MN,2020-05-06 03:16:51,49.03,104.08,38.35,80,100,11.86
404,Sawakin,SD,2020-05-06 03:16:51,19.11,37.33,79.32,56,2,5.35
405,Santarem,BR,2020-05-06 03:13:59,-2.44,-54.71,77.0,100,75,20.8
406,New Milford,US,2020-05-06 03:15:29,40.93,-74.02,57.0,34,1,5.82
407,Inirida,CO,2020-05-06 03:16:52,3.87,-67.92,75.31,94,80,0.65
408,Esperance,AU,2020-05-06 03:16:52,-33.87,121.9,57.2,54,75,31.09
409,Abapo,BO,2020-05-06 03:16:53,-18.83,-63.47,66.92,99,100,5.21
410,Yenagoa,NG,2020-05-06 03:16:53,4.92,6.26,77.77,92,5,3.47
411,Aketi,CD,2020-05-06 03:16:53,2.74,23.78,70.75,97,100,0.98
412,Yerbogachen,RU,2020-05-06 03:16:53,61.28,108.01,41.41,79,100,14.92
413,Batemans Bay,AU,2020-05-06 03:16:53,-35.72,150.18,68.0,66,100,3.02
414,San Isidro,PE,2020-05-06 03:16:54,-12.12,-77.05,66.2,88,74,5.82
415,Semporna,MY,2020-05-06 03:16:54,4.48,118.61,78.8,94,20,3.36
416,Yanji,CN,2020-05-06 03:16:54,42.91,129.51,64.9,28,0,7.2
417,Brae,GB,2020-05-06 03:16:54,60.4,-1.35,48.2,76,98,13.87
418,Chernyshevskiy,RU,2020-05-06 03:16:55,63.01,112.47,48.27,74,100,8.12
419,Tisul,RU,2020-05-06 03:16:55,55.76,88.31,46.56,56,66,13.42
420,Hammerfest,NO,2020-05-06 03:16:55,70.66,23.68,39.2,91,40,17.22
421,Presidencia Roque Saenz Pena,AR,2020-05-06 03:16:55,-26.79,-60.44,56.64,67,49,10.78
422,Praia,CV,2020-05-06 03:16:55,14.92,-23.51,71.6,78,0,18.34
423,Vanavara,RU,2020-05-06 03:16:56,60.34,102.28,36.0,94,100,6.82
424,Camacha,PT,2020-05-06 03:16:56,33.08,-16.33,62.6,82,98,1.12
425,Kilindoni,TZ,2020-05-06 03:16:56,-7.91,39.67,80.98,77,100,19.08
426,Cap Malheureux,MU,2020-05-06 03:16:56,-19.98,57.61,75.0,87,10,1.99
427,Rio Grande,BR,2020-05-06 03:16:26,-32.03,-52.1,55.0,75,3,5.01
428,Broken Hill,AU,2020-05-06 03:16:57,-31.95,141.43,69.8,26,100,16.11
429,Ambon,ID,2020-05-06 03:16:57,-3.7,128.18,85.33,72,47,3.09
430,Lata,PT,2020-05-06 03:16:57,40.16,-8.33,59.0,90,3,2.3
431,Tougue,GN,2020-05-06 03:16:57,11.47,-11.6,75.54,74,64,6.46
432,Can,TR,2020-05-06 03:16:57,40.03,27.05,51.03,80,0,2.8
433,Grootfontein,NA,2020-05-06 03:16:58,-19.57,18.12,54.73,46,0,6.42
434,Pasaco,GT,2020-05-06 03:16:58,13.98,-90.21,80.82,73,97,1.77
435,Tam Ky,VN,2020-05-06 03:16:58,15.57,108.48,93.2,59,20,5.82
436,Gilgit,PK,2020-05-06 03:16:58,35.92,74.31,54.57,47,100,0.6
437,Pemangkat,ID,2020-05-06 03:16:59,1.17,108.97,86.32,70,52,7.54
438,Keningau,MY,2020-05-06 03:16:59,5.34,116.16,87.8,74,20,3.36
439,Oranjemund,NA,2020-05-06 03:17:00,-28.55,16.43,61.3,51,57,4.81
440,Fort Nelson,CA,2020-05-06 03:17:00,58.81,-122.7,46.4,93,75,5.82
441,Neyshabur,IR,2020-05-06 03:17:00,36.21,58.8,69.96,31,0,2.91
442,Altamira,BR,2020-05-06 03:17:01,-3.2,-52.21,74.25,98,100,2.26
443,Fairbanks,US,2020-05-06 03:17:01,64.84,-147.72,59.0,28,75,3.94
444,Tessalit,ML,2020-05-06 03:17:01,20.2,1.01,83.08,22,0,4.72
445,Lafiagi,NG,2020-05-06 03:17:02,8.87,5.42,81.64,64,0,4.18
446,Belmonte,BR,2020-05-06 03:17:02,-15.86,-38.88,77.0,69,40,9.17
447,Aklavik,CA,2020-05-06 03:17:02,68.22,-135.01,30.2,92,90,6.93
448,Kamaishi,JP,2020-05-06 03:17:02,39.27,141.88,55.4,71,75,12.75
449,Zabol,AF,2020-05-06 03:17:03,32.25,67.25,63.79,29,0,3.89
450,Lianzhou,CN,2020-05-06 03:17:03,24.78,112.38,88.99,63,32,5.41
451,Nanakuli,US,2020-05-06 03:17:03,21.39,-158.15,84.2,51,20,8.05
452,San Vicente,AR,2020-05-06 03:17:04,-26.62,-54.13,61.45,100,94,3.69
453,Half Moon Bay,US,2020-05-06 03:17:04,37.46,-122.43,61.0,77,5,11.41
454,Disraeli,CA,2020-05-06 03:17:04,45.9,-71.35,41.0,65,90,2.24
455,Abeche,TD,2020-05-06 03:17:05,13.83,20.83,87.48,13,50,23.53
456,Sulina,RO,2020-05-06 03:17:05,45.16,29.65,54.66,82,8,7.56
457,Tura,IN,2020-05-06 03:17:06,25.52,90.22,81.9,67,57,3.96
458,Imbituba,BR,2020-05-06 03:17:06,-28.24,-48.67,66.2,93,98,2.24
459,Brigantine,US,2020-05-06 03:17:07,39.41,-74.36,55.4,62,90,4.7
460,Vao,NC,2020-05-06 03:12:29,-22.67,167.48,71.65,73,100,26.33
461,Talaya,RU,2020-05-06 03:17:07,61.38,152.75,28.58,94,100,22.88
462,Cururupu,BR,2020-05-06 03:14:22,-1.83,-44.87,76.14,96,96,4.03
463,Lac-Au-Saumon,CA,2020-05-06 03:17:07,48.42,-67.35,39.2,98,75,10.29
464,Tamesis,CO,2020-05-06 03:17:08,5.66,-75.71,62.6,88,75,3.36
465,Atar,MR,2020-05-06 03:17:08,20.52,-13.05,80.56,16,0,5.5
466,Concarneau,FR,2020-05-06 03:17:08,47.88,-3.92,51.8,100,90,3.36
467,Santiago,CL,2020-05-06 03:13:40,-33.46,-70.65,60.8,51,0,2.24
468,San Rafael,AR,2020-05-06 03:17:08,-34.62,-68.33,46.85,54,0,3.98
469,Longyearbyen,SJ,2020-05-06 03:17:09,78.22,15.64,30.2,68,40,24.16
470,Luwuk,ID,2020-05-06 03:17:09,-0.95,122.79,86.79,70,1,4.27
471,Kindu,CD,2020-05-06 03:17:09,-2.95,25.95,70.43,97,100,0.2
472,Leningradskiy,RU,2020-05-06 03:17:09,69.38,178.42,24.22,94,5,9.46
473,Snyder,US,2020-05-06 03:15:24,32.72,-100.92,66.2,29,1,5.82
474,Shelburne,CA,2020-05-06 03:17:10,44.08,-80.2,34.0,83,1,3.36
475,Daru,PG,2020-05-06 03:17:10,-9.08,143.21,81.48,73,70,15.5
476,Karanpura,IN,2020-05-06 03:17:10,29.1,75.09,93.47,23,0,10.36
477,Yanaul,RU,2020-05-06 03:17:11,56.27,54.93,56.89,62,1,9.22
478,Eydhafushi,MV,2020-05-06 03:17:11,5.1,73.07,84.83,81,98,12.39
479,Pocatello,US,2020-05-06 03:16:15,42.87,-112.45,64.4,23,1,8.05
480,Acapulco,MX,2020-05-06 03:17:12,16.86,-99.89,77.0,88,5,5.59
481,Lagoa,PT,2020-05-06 03:17:12,39.05,-27.98,61.83,85,95,16.91
482,Isangel,VU,2020-05-06 03:17:12,-19.55,169.27,71.6,94,90,6.93
483,Mahebourg,MU,2020-05-06 03:17:12,-20.41,57.7,73.4,94,75,3.36
484,Rogers,US,2020-05-06 03:17:13,36.37,-95.58,60.01,41,1,2.98
485,Berbera,SO,2020-05-06 03:17:13,10.44,45.01,85.44,75,86,6.6
486,General Roca,AR,2020-05-06 03:17:13,-39.03,-67.58,41.0,80,0,3.38
487,Qasigiannguit,GL,2020-05-06 03:17:13,68.82,-51.19,26.6,63,0,10.29
488,Thinadhoo,MV,2020-05-06 03:17:14,0.53,72.93,84.31,76,88,8.5
489,Nyaunglebin,MM,2020-05-06 03:17:14,17.95,96.73,95.7,44,0,5.95
490,Aden,YE,2020-05-06 03:14:29,12.78,45.04,84.87,76,87,18.03
491,Boca Do Acre,BR,2020-05-06 03:17:14,-8.75,-67.4,75.43,94,47,2.01
492,Micomeseng,GQ,2020-05-06 03:17:14,2.15,10.62,70.38,99,82,1.1
493,Luganville,VU,2020-05-06 03:17:15,-15.53,167.17,77.83,83,99,8.23
494,Ostrovnoy,RU,2020-05-06 03:17:15,68.05,39.51,34.5,87,5,20.24
495,Kikerino,RU,2020-05-06 03:17:15,59.47,29.63,39.2,86,20,4.47
496,Awbari,LY,2020-05-06 03:17:15,26.59,12.78,66.33,26,16,4.32
497,Tamsweg,AT,2020-05-06 03:17:16,47.13,13.81,41.0,92,67,5.59
498,Faya,SA,2020-05-06 03:17:16,18.39,42.45,62.6,93,62,2.06
499,Derbent,RU,2020-05-06 03:17:17,42.07,48.29,62.47,69,23,5.48
500,Ranong,TH,2020-05-06 03:14:14,9.97,98.63,89.6,70,20,3.36
501,Brewster,US,2020-05-06 03:15:58,41.4,-73.62,46.99,48,1,4.63
502,Kalmar,SE,2020-05-06 03:17:17,56.66,16.36,43.0,93,100,6.93
503,Banepa,NP,2020-05-06 03:17:17,27.63,85.52,64.4,82,20,2.24
504,Binika,IN,2020-05-06 03:17:18,21.03,83.8,95.72,39,1,5.46
505,Vredendal,ZA,2020-05-06 03:13:17,-31.67,18.5,61.75,35,100,2.64
506,Revda,RU,2020-05-06 03:17:18,56.8,59.93,55.4,58,41,7.25
507,Sayyan,YE,2020-05-06 03:17:19,15.17,44.32,60.4,68,54,2.1
508,Alta Floresta,BR,2020-05-06 03:17:19,-9.88,-56.09,73.71,96,100,3.71
509,Airai,TL,2020-05-06 03:17:19,-8.93,125.41,73.76,80,31,3.74
510,Saint Anthony,US,2020-05-06 03:12:55,45.02,-93.22,55.0,34,90,2.35
511,Jurilovca,RO,2020-05-06 03:17:19,44.77,28.87,50.0,87,72,2.24
512,Cayenne,GF,2020-05-06 03:17:20,4.93,-52.33,82.4,78,75,13.87
513,Comodoro Rivadavia,AR,2020-05-06 03:17:20,-45.87,-67.5,48.2,70,0,10.29
514,Asau,RO,2020-05-06 03:17:20,46.43,26.4,44.01,88,100,1.21
515,Hasaki,JP,2020-05-06 03:17:20,35.73,140.83,63.0,93,75,6.93
516,Burnie,AU,2020-05-06 03:17:20,-41.07,145.92,62.01,67,100,5.99
517,Cody,US,2020-05-06 03:17:21,44.53,-109.06,54.0,34,1,4.7
518,Owensboro,US,2020-05-06 03:17:21,37.77,-87.11,53.6,81,1,5.82
519,Nantucket,US,2020-05-06 03:14:38,41.28,-70.1,44.01,87,1,3.6
520,Teguldet,RU,2020-05-06 03:17:21,57.31,88.17,45.82,58,93,9.44
521,Mersing,MY,2020-05-06 03:17:21,2.43,103.84,84.2,83,20,3.36
522,Port Keats,AU,2020-05-06 03:17:22,-14.25,129.55,87.28,31,82,6.76
523,Ponta Delgada,PT,2020-05-06 03:17:22,37.73,-25.67,60.8,82,75,9.17
524,Dombarovskiy,RU,2020-05-06 03:17:22,50.76,59.54,57.13,49,0,7.76
525,Port Macquarie,AU,2020-05-06 03:13:06,-31.43,152.92,73.0,63,46,4.41
526,Hofn,IS,2020-05-06 03:17:22,64.25,-15.21,47.34,52,92,10.65
527,Santa Ines,BR,2020-05-06 03:17:22,-3.67,-45.38,74.23,96,76,1.45
528,Bodden Town,KY,2020-05-06 03:17:23,19.28,-81.25,82.0,76,100,5.01
529,Raga,SS,2020-05-06 03:17:23,8.46,25.68,74.16,82,100,4.9
530,Apozol,MX,2020-05-06 03:17:23,21.48,-103.1,77.9,39,62,13.78
531,Namatanai,PG,2020-05-06 03:17:23,-3.67,152.43,85.3,63,95,3.33
532,Ilheus,BR,2020-05-06 03:17:24,-14.79,-39.05,72.7,85,9,3.2
533,Dubreka,GN,2020-05-06 03:17:24,9.79,-13.52,79.25,84,50,0.22
534,Chikwawa,MW,2020-05-06 03:17:24,-16.03,34.8,63.12,91,29,0.92
535,Puerto Colombia,CO,2020-05-06 03:17:12,10.99,-74.95,82.4,83,27,12.75
536,Gobabis,NA,2020-05-06 03:17:25,-22.45,18.97,57.25,37,0,10.49
537,Nivala,FI,2020-05-06 03:17:25,63.92,24.97,37.0,70,100,3.0
538,Uige,AO,2020-05-06 03:17:25,-7.61,15.06,69.46,91,100,2.98
539,Lisala,CD,2020-05-06 03:17:25,2.15,21.52,71.1,97,100,1.19
540,Kanniyakumari,IN,2020-05-06 03:17:26,8.08,77.57,86.38,68,9,6.96
541,Escondido,US,2020-05-06 03:12:58,33.12,-117.09,75.99,68,1,4.7
542,Voyvozh,RU,2020-05-06 03:17:26,62.89,54.96,43.83,94,100,2.73
543,Sept-Iles,CA,2020-05-06 03:17:26,50.2,-66.38,42.8,41,40,6.93
544,Anaconda,US,2020-05-06 03:17:26,46.13,-112.94,55.4,26,1,9.17
545,Kroya,ID,2020-05-06 03:17:27,-7.63,109.25,81.1,83,100,1.86
546,Markova,UA,2020-05-06 03:17:27,48.68,24.41,34.81,88,16,6.58
547,Carlsbad,US,2020-05-06 03:17:27,33.16,-117.35,72.0,93,1,5.82
548,Panzhihua,CN,2020-05-06 03:17:28,26.59,101.71,79.0,33,0,1.01
549,Pilibanga,IN,2020-05-06 03:17:28,29.49,74.08,92.26,25,0,8.39
550,Talcahuano,CL,2020-05-06 03:17:28,-36.72,-73.12,51.8,76,14,6.93
551,Dunedin,NZ,2020-05-06 03:14:06,-45.87,170.5,56.35,64,90,6.06
552,Tiznit,MA,2020-05-06 03:17:28,29.58,-9.5,63.72,62,11,0.78
553,Fukue,JP,2020-05-06 03:17:28,32.69,128.84,69.8,77,40,17.22
554,Witu,KE,2020-05-06 03:17:29,-2.39,40.44,76.8,91,100,8.97
555,The Valley,AI,2020-05-06 03:17:29,18.22,-63.06,82.4,74,20,10.29
556,Kalmunai,LK,2020-05-06 03:17:29,7.42,81.82,86.2,70,38,4.7
557,Tshikapa,CD,2020-05-06 03:17:29,-6.42,20.8,70.09,89,47,3.44
558,Erzin,TR,2020-05-06 03:17:29,36.96,36.2,60.01,90,57,1.79
559,Serenje,ZM,2020-05-06 03:17:30,-13.23,30.24,52.52,97,59,7.0
560,Gat,IL,2020-05-06 03:17:01,31.61,34.76,63.0,79,11,13.27
561,Innisfail,AU,2020-05-06 03:17:30,-17.53,146.03,73.98,83,39,13.94
562,Kamina,CD,2020-05-06 03:17:30,-8.74,24.99,64.85,81,99,4.36
563,Naze,JP,2020-05-06 03:17:30,28.37,129.48,73.4,94,75,5.82
564,Xintai,CN,2020-05-06 03:17:30,35.9,117.75,75.79,42,0,12.5
565,Turhal,TR,2020-05-06 03:17:31,40.39,36.08,50.0,93,40,2.17
566,Baiao,BR,2020-05-06 03:17:31,-2.79,-49.67,74.26,98,100,2.53
567,Yar-Sale,RU,2020-05-06 03:17:31,66.83,70.83,34.61,99,100,11.07
568,Ust-Ilimsk,RU,2020-05-06 03:17:31,58.0,102.66,35.56,91,100,7.58
569,Khovu-Aksy,RU,2020-05-06 03:17:31,51.13,93.6,38.86,64,29,9.95
570,Luan,CH,2020-05-06 03:17:32,46.36,6.98,51.8,100,3,1.12
571,Shakawe,BW,2020-05-06 03:17:32,-18.37,21.85,59.43,42,0,7.0
572,Ullapool,GB,2020-05-06 03:17:10,57.9,-5.16,35.01,90,21,1.48
573,Husavik,IS,2020-05-06 03:17:33,66.04,-17.34,42.8,48,1,16.11
574,Balaipungut,ID,2020-05-06 03:17:33,1.05,101.28,84.49,72,99,3.74
575,Tokur,RU,2020-05-06 03:17:33,53.13,132.9,47.88,47,0,6.73
576,Porto Torres,IT,2020-05-06 03:17:33,40.84,8.4,62.01,93,33,3.36
577,Arman,RU,2020-05-06 03:17:34,59.7,150.17,39.79,66,100,22.21
578,Fernandopolis,BR,2020-05-06 03:17:34,-20.28,-50.25,67.19,81,100,2.04
579,Susangerd,IR,2020-05-06 03:17:34,31.56,48.18,84.2,37,75,9.17
580,Srivardhan,IN,2020-05-06 03:17:34,18.03,73.02,86.61,68,0,2.28
581,Kudahuvadhoo,MV,2020-05-06 03:17:35,2.67,72.89,83.73,77,82,12.15
582,Antsohihy,MG,2020-05-06 03:17:35,-14.88,47.99,70.95,83,6,3.36
583,Quatre Cocos,MU,2020-05-06 03:13:39,-20.21,57.76,73.99,94,75,3.36
584,Nacala,MZ,2020-05-06 03:17:35,-14.54,40.67,71.35,90,8,10.51
585,Paso De Carrasco,UY,2020-05-06 03:17:36,-34.86,-56.05,55.4,66,75,17.22
586,Kieta,PG,2020-05-06 03:17:36,-6.22,155.63,84.94,60,78,3.65
587,Kaeo,NZ,2020-05-06 03:17:36,-35.1,173.78,61.0,51,5,11.01
588,Te Anau,NZ,2020-05-06 03:17:36,-45.42,167.72,55.49,61,71,5.95
589,Yaan,NG,2020-05-06 03:17:36,7.38,8.57,79.54,79,0,8.5
